image,fichier_origine,source_lien,licence
drone_0001.jpg,Boeing_ScanEagle_at_Paris_Air_Show_2013.jpg,https://commons.wikimedia.org/wiki/File:Boeing_ScanEagle_at_Paris_Air_Show_2013.jpg,CC BY-SA 3.0
drone_0002.jpg,EADS_Tanan_300_at_Paris_Air_Show_2013.jpg,https://commons.wikimedia.org/wiki/File:EADS_Tanan_300_at_Paris_Air_Show_2013.jpg,CC BY-SA 3.0
drone_0003.jpg,MBLE_Épervier_UAV_‘D-47’_(35059091775) (1).jpg,https://commons.wikimedia.org/wiki/File:MBLE_%C3%89pervier_UAV_%E2%80%98D-47%E2%80%99_(35059091775).jpg,CC BY-SA 2.0
drone_0004.jpg,MQ-9_Reaper_ILA2016-2.jpg,https://commons.wikimedia.org/wiki/File:MQ-9_Reaper_ILA2016-2.jpg,CC BY-SA 4.0
drone_0005.jpg,MQ-9_Reaper_ILA2016-3.jpg,https://commons.wikimedia.org/wiki/File:MQ-9_Reaper_ILA2016-3.jpg,CC BY-SA 4.0
drone_0006.jpg,MQ4C_Triton_DOD_publicdomain_frame000000.jpg,https://commons.wikimedia.org/wiki/File:Unmanned_MQ-4C_Triton_Completes_First_Flight_1080p.webm,Domaine public (US DoD)
drone_0007.jpg,MQ4C_Triton_DOD_publicdomain_frame000060.jpg,https://commons.wikimedia.org/wiki/File:Unmanned_MQ-4C_Triton_Completes_First_Flight_1080p.webm,Domaine public (US DoD)
drone_0008.jpg,MQ4C_Triton_DOD_publicdomain_frame000120.jpg,https://commons.wikimedia.org/wiki/File:Unmanned_MQ-4C_Triton_Completes_First_Flight_1080p.webm,Domaine public (US DoD)
drone_0009.jpg,MQ4C_Triton_DOD_publicdomain_frame000180.jpg,https://commons.wikimedia.org/wiki/File:Unmanned_MQ-4C_Triton_Completes_First_Flight_1080p.webm,Domaine public (US DoD)
drone_0010.jpg,MQ4C_Triton_DOD_publicdomain_frame000300.jpg,https://commons.wikimedia.org/wiki/File:Unmanned_MQ-4C_Triton_Completes_First_Flight_1080p.webm,Domaine public (US DoD)
drone_0011.jpg,MQ4C_Triton_DOD_publicdomain_frame000360.jpg,https://commons.wikimedia.org/wiki/File:Unmanned_MQ-4C_Triton_Completes_First_Flight_1080p.webm,Domaine public (US DoD)
drone_0012.jpg,MQ4C_Triton_DOD_publicdomain_frame000420.jpg,https://commons.wikimedia.org/wiki/File:Unmanned_MQ-4C_Triton_Completes_First_Flight_1080p.webm,Domaine public (US DoD)
drone_0013.jpg,MQ4C_Triton_DOD_publicdomain_frame000480.jpg,https://commons.wikimedia.org/wiki/File:Unmanned_MQ-4C_Triton_Completes_First_Flight_1080p.webm,Domaine public (US DoD)
drone_0014.jpg,MQ4C_Triton_DOD_publicdomain_frame000540.jpg,https://commons.wikimedia.org/wiki/File:Unmanned_MQ-4C_Triton_Completes_First_Flight_1080p.webm,Domaine public (US DoD)
drone_0015.jpg,MQ4C_Triton_DOD_publicdomain_frame000600.jpg,https://commons.wikimedia.org/wiki/File:Unmanned_MQ-4C_Triton_Completes_First_Flight_1080p.webm,Domaine public (US DoD)
drone_0016.jpg,MQ4C_Triton_DOD_publicdomain_frame000660.jpg,https://commons.wikimedia.org/wiki/File:Unmanned_MQ-4C_Triton_Completes_First_Flight_1080p.webm,Domaine public (US DoD)
drone_0017.jpg,MQ4C_Triton_DOD_publicdomain_frame000720.jpg,https://commons.wikimedia.org/wiki/File:Unmanned_MQ-4C_Triton_Completes_First_Flight_1080p.webm,Domaine public (US DoD)
drone_0018.jpg,MQ4C_Triton_DOD_publicdomain_frame000780.jpg,https://commons.wikimedia.org/wiki/File:Unmanned_MQ-4C_Triton_Completes_First_Flight_1080p.webm,Domaine public (US DoD)
drone_0019.jpg,MQ4C_Triton_DOD_publicdomain_frame000840.jpg,https://commons.wikimedia.org/wiki/File:Unmanned_MQ-4C_Triton_Completes_First_Flight_1080p.webm,Domaine public (US DoD)
drone_0020.jpg,MQ4C_Triton_DOD_publicdomain_frame000900.jpg,https://commons.wikimedia.org/wiki/File:Unmanned_MQ-4C_Triton_Completes_First_Flight_1080p.webm,Domaine public (US DoD)
drone_0021.jpg,MQ4C_Triton_DOD_publicdomain_frame000960.jpg,https://commons.wikimedia.org/wiki/File:Unmanned_MQ-4C_Triton_Completes_First_Flight_1080p.webm,Domaine public (US DoD)
drone_0022.jpg,MQ4C_Triton_DOD_publicdomain_frame001020.jpg,https://commons.wikimedia.org/wiki/File:Unmanned_MQ-4C_Triton_Completes_First_Flight_1080p.webm,Domaine public (US DoD)
drone_0023.jpg,MQ4C_Triton_DOD_publicdomain_frame001080.jpg,https://commons.wikimedia.org/wiki/File:Unmanned_MQ-4C_Triton_Completes_First_Flight_1080p.webm,Domaine public (US DoD)
drone_0024.jpg,MQ4C_Triton_DOD_publicdomain_frame001140.jpg,https://commons.wikimedia.org/wiki/File:Unmanned_MQ-4C_Triton_Completes_First_Flight_1080p.webm,Domaine public (US DoD)
drone_0025.jpg,MQ4C_Triton_DOD_publicdomain_frame001200.jpg,https://commons.wikimedia.org/wiki/File:Unmanned_MQ-4C_Triton_Completes_First_Flight_1080p.webm,Domaine public (US DoD)
drone_0026.jpg,MQ4C_Triton_DOD_publicdomain_frame001260.jpg,https://commons.wikimedia.org/wiki/File:Unmanned_MQ-4C_Triton_Completes_First_Flight_1080p.webm,Domaine public (US DoD)
drone_0027.jpg,MQ4C_Triton_DOD_publicdomain_frame001320.jpg,https://commons.wikimedia.org/wiki/File:Unmanned_MQ-4C_Triton_Completes_First_Flight_1080p.webm,Domaine public (US DoD)
drone_0028.jpg,MQ4C_Triton_DOD_publicdomain_frame001380.jpg,https://commons.wikimedia.org/wiki/File:Unmanned_MQ-4C_Triton_Completes_First_Flight_1080p.webm,Domaine public (US DoD)
drone_0029.jpg,MQ4C_Triton_DOD_publicdomain_frame001440.jpg,https://commons.wikimedia.org/wiki/File:Unmanned_MQ-4C_Triton_Completes_First_Flight_1080p.webm,Domaine public (US DoD)
drone_0030.jpg,MQ4C_Triton_DOD_publicdomain_frame001500.jpg,https://commons.wikimedia.org/wiki/File:Unmanned_MQ-4C_Triton_Completes_First_Flight_1080p.webm,Domaine public (US DoD)
drone_0031.jpg,MQ4C_Triton_DOD_publicdomain_frame001560.jpg,https://commons.wikimedia.org/wiki/File:Unmanned_MQ-4C_Triton_Completes_First_Flight_1080p.webm,Domaine public (US DoD)
drone_0032.jpg,MQ4C_Triton_DOD_publicdomain_frame001620.jpg,https://commons.wikimedia.org/wiki/File:Unmanned_MQ-4C_Triton_Completes_First_Flight_1080p.webm,Domaine public (US DoD)
drone_0033.jpg,MQ4C_Triton_DOD_publicdomain_frame001680.jpg,https://commons.wikimedia.org/wiki/File:Unmanned_MQ-4C_Triton_Completes_First_Flight_1080p.webm,Domaine public (US DoD)
drone_0034.jpg,MQ4C_Triton_DOD_publicdomain_frame001740.jpg,https://commons.wikimedia.org/wiki/File:Unmanned_MQ-4C_Triton_Completes_First_Flight_1080p.webm,Domaine public (US DoD)
drone_0035.jpg,MQ4C_Triton_DOD_publicdomain_frame001800.jpg,https://commons.wikimedia.org/wiki/File:Unmanned_MQ-4C_Triton_Completes_First_Flight_1080p.webm,Domaine public (US DoD)
drone_0036.jpg,MQ4C_Triton_DOD_publicdomain_frame001860.jpg,https://commons.wikimedia.org/wiki/File:Unmanned_MQ-4C_Triton_Completes_First_Flight_1080p.webm,Domaine public (US DoD)
drone_0037.jpg,MQ4C_Triton_DOD_publicdomain_frame001920.jpg,https://commons.wikimedia.org/wiki/File:Unmanned_MQ-4C_Triton_Completes_First_Flight_1080p.webm,Domaine public (US DoD)
drone_0038.jpg,MQ4C_Triton_DOD_publicdomain_frame001980.jpg,https://commons.wikimedia.org/wiki/File:Unmanned_MQ-4C_Triton_Completes_First_Flight_1080p.webm,Domaine public (US DoD)
drone_0039.jpg,MQ4C_Triton_DOD_publicdomain_frame002040.jpg,https://commons.wikimedia.org/wiki/File:Unmanned_MQ-4C_Triton_Completes_First_Flight_1080p.webm,Domaine public (US DoD)
drone_0040.jpg,MQ4C_Triton_DOD_publicdomain_frame002100.jpg,https://commons.wikimedia.org/wiki/File:Unmanned_MQ-4C_Triton_Completes_First_Flight_1080p.webm,Domaine public (US DoD)
drone_0041.jpg,MQ4C_Triton_DOD_publicdomain_frame002160.jpg,https://commons.wikimedia.org/wiki/File:Unmanned_MQ-4C_Triton_Completes_First_Flight_1080p.webm,Domaine public (US DoD)
drone_0042.jpg,MQ4C_Triton_DOD_publicdomain_frame002220.jpg,https://commons.wikimedia.org/wiki/File:Unmanned_MQ-4C_Triton_Completes_First_Flight_1080p.webm,Domaine public (US DoD)
drone_0043.jpg,MQ9_Reaper_DOD_publicdomain_frame000000.jpg,https://commons.wikimedia.org/wiki/File:MQ-9_Reaper_aerial_video_DOD_107212162-5e1342c0d88af.webm,Domaine public (US DoD)
drone_0044.jpg,MQ9_Reaper_DOD_publicdomain_frame000030.jpg,https://commons.wikimedia.org/wiki/File:MQ-9_Reaper_aerial_video_DOD_107212162-5e1342c0d88af.webm,Domaine public (US DoD)
drone_0045.jpg,MQ9_Reaper_DOD_publicdomain_frame000060.jpg,https://commons.wikimedia.org/wiki/File:MQ-9_Reaper_aerial_video_DOD_107212162-5e1342c0d88af.webm,Domaine public (US DoD)
drone_0046.jpg,MQ9_Reaper_DOD_publicdomain_frame000090.jpg,https://commons.wikimedia.org/wiki/File:MQ-9_Reaper_aerial_video_DOD_107212162-5e1342c0d88af.webm,Domaine public (US DoD)
drone_0047.jpg,MQ9_Reaper_DOD_publicdomain_frame000120.jpg,https://commons.wikimedia.org/wiki/File:MQ-9_Reaper_aerial_video_DOD_107212162-5e1342c0d88af.webm,Domaine public (US DoD)
drone_0048.jpg,MQ9_Reaper_DOD_publicdomain_frame000150.jpg,https://commons.wikimedia.org/wiki/File:MQ-9_Reaper_aerial_video_DOD_107212162-5e1342c0d88af.webm,Domaine public (US DoD)
drone_0049.jpg,MQ9_Reaper_DOD_publicdomain_frame000180.jpg,https://commons.wikimedia.org/wiki/File:MQ-9_Reaper_aerial_video_DOD_107212162-5e1342c0d88af.webm,Domaine public (US DoD)
drone_0050.jpg,MQ9_Reaper_DOD_publicdomain_frame000210.jpg,https://commons.wikimedia.org/wiki/File:MQ-9_Reaper_aerial_video_DOD_107212162-5e1342c0d88af.webm,Domaine public (US DoD)
drone_0051.jpg,MQ9_Reaper_DOD_publicdomain_frame000240.jpg,https://commons.wikimedia.org/wiki/File:MQ-9_Reaper_aerial_video_DOD_107212162-5e1342c0d88af.webm,Domaine public (US DoD)
drone_0052.jpg,MQ9_Reaper_DOD_publicdomain_frame000270.jpg,https://commons.wikimedia.org/wiki/File:MQ-9_Reaper_aerial_video_DOD_107212162-5e1342c0d88af.webm,Domaine public (US DoD)
drone_0053.jpg,MQ9_Reaper_DOD_publicdomain_frame000300.jpg,https://commons.wikimedia.org/wiki/File:MQ-9_Reaper_aerial_video_DOD_107212162-5e1342c0d88af.webm,Domaine public (US DoD)
drone_0054.jpg,MQ9_Reaper_DOD_publicdomain_frame000330.jpg,https://commons.wikimedia.org/wiki/File:MQ-9_Reaper_aerial_video_DOD_107212162-5e1342c0d88af.webm,Domaine public (US DoD)
drone_0055.jpg,MQ9_Reaper_DOD_publicdomain_frame000360.jpg,https://commons.wikimedia.org/wiki/File:MQ-9_Reaper_aerial_video_DOD_107212162-5e1342c0d88af.webm,Domaine public (US DoD)
drone_0056.jpg,MQ9_Reaper_DOD_publicdomain_frame000390.jpg,https://commons.wikimedia.org/wiki/File:MQ-9_Reaper_aerial_video_DOD_107212162-5e1342c0d88af.webm,Domaine public (US DoD)
drone_0057.jpg,MQ9_Reaper_DOD_publicdomain_frame000420.jpg,https://commons.wikimedia.org/wiki/File:MQ-9_Reaper_aerial_video_DOD_107212162-5e1342c0d88af.webm,Domaine public (US DoD)
drone_0058.jpg,MQ9_Reaper_DOD_publicdomain_frame000450.jpg,https://commons.wikimedia.org/wiki/File:MQ-9_Reaper_aerial_video_DOD_107212162-5e1342c0d88af.webm,Domaine public (US DoD)
drone_0059.jpg,WM_MQ1_Predator_009.jpg,https://commons.wikimedia.org/wiki/File:100127-F-4177H-052_(4311614711).jpg,Public domain
drone_0060.jpg,WM_MQ1_Predator_010.jpg,https://commons.wikimedia.org/wiki/File:100127-F-4177H-096_(4312350608).jpg,Public domain
drone_0061.jpg,WM_MQ1_Predator_011.jpg,https://commons.wikimedia.org/wiki/File:100127-F-4177H-126_(4312350674).jpg,Public domain
drone_0062.jpg,WM_MQ1_Predator_012.jpg,https://commons.wikimedia.org/wiki/File:100127-F-4177H-144_(4312350770).jpg,Public domain
drone_0063.jpg,WM_MQ1_Predator_013.jpg,https://commons.wikimedia.org/wiki/File:100127-F-4177H-160_(4312350892).jpg,Public domain
drone_0064.jpg,WM_MQ1_Predator_014.jpg,https://commons.wikimedia.org/wiki/File:100127-F-4177H-187_(4312350972).jpg,Public domain
drone_0065.jpg,WM_MQ1_Predator_015.jpg,https://commons.wikimedia.org/wiki/File:100127-F-4177H-311_(4312351112).jpg,Public domain
drone_0066.jpg,WM_MQ1_Predator_016.jpg,https://commons.wikimedia.org/wiki/File:111th_Reconnaissance_Squadron_-_MQ-1B_Predator.jpg,Public domain
drone_0067.jpg,WM_MQ1_Predator_224.jpg,https://commons.wikimedia.org/wiki/File:15th_Reconnaissance_Squadron_MQ-1B_Predator.jpg,Public domain
drone_0068.jpg,WM_MQ1_Predator_225.jpg,https://commons.wikimedia.org/wiki/File:163d_Reconnaissance_Wing_MQ-1_and_Chase_plane.jpg,Public domain
drone_0069.jpg,WM_MQ1_Predator_226.jpg,https://commons.wikimedia.org/wiki/File:178th_Reconnaissance_Squadron_-_General_Atomics_MQ-1B-10_Predator_08-0247.jpg,Public domain
drone_0070.jpg,WM_MQ1_Predator_227.jpg,https://commons.wikimedia.org/wiki/File:196th_Reconnaissance_Squadron_-_MQ-1.jpg,Public domain
drone_0071.jpg,WM_MQ1_Predator_228.jpg,https://commons.wikimedia.org/wiki/File:214th_Reconnaissance_Squadron_-_General_Atomics_MQ-1B_Predator_06-3168.jpg,Public domain
drone_0072.jpg,WM_MQ1_Predator_230.jpg,https://commons.wikimedia.org/wiki/File:451aeg-1a.jpg,Public domain
drone_0073.jpg,WM_MQ1_Predator_231.jpg,https://commons.wikimedia.org/wiki/File:46th_Expeditionary_Reconnaissance_Squadron_MQ-1B_Predator_Balad_AB_Iraq.jpg,Public domain
drone_0074.jpg,WM_MQ1_Predator_232.jpg,https://commons.wikimedia.org/wiki/File:6th_Reconnaissance_Squadron_-_Operator.jpg,Public domain
drone_0075.jpg,WM_MQ1_Predator_233.jpg,https://commons.wikimedia.org/wiki/File:AGM-114_Hellfire_hung_on_a_Predator_drone.JPEG,Public domain
drone_0076.jpg,WM_MQ1_Predator_235.jpg,https://commons.wikimedia.org/wiki/File:A_U.S._Marine_Corps_AV-8B_Harrier_waits_as_an_11th_Reconnaissance_Squadron_MQ-1_Predator_lands_at_Creech_AFB.jpg,Public domain
drone_0077.jpg,WM_MQ1_Predator_236.jpg,"https://commons.wikimedia.org/wiki/File:A_member_of_the_US_Army_quick_reaction_force_surveys_the_wreckage_from_a_Predator_Unmanned_Aerial_Vehicle_(UAV)_that_crashed_into_the_hillside,_in_the_Russian_sector_of_the_Multinat_-_DPLA_-_c3eb5eb7844270a7a4e65e79065904e1.jpeg",Public domain
drone_0078.jpg,WM_MQ1_Predator_237.jpg,https://commons.wikimedia.org/wiki/File:A_security_forces_humvee_escorts_an_MQ-1_Predator_onto_the_runway_at_a_base_in_Afghanistan.jpg,Public domain
drone_0079.jpg,WM_MQ1_Predator_239.jpg,https://commons.wikimedia.org/wiki/File:CPonte_Predator1.JPG,CC BY-SA 3.0
drone_0080.jpg,WM_MQ1_Predator_240.jpg,https://commons.wikimedia.org/wiki/File:CPonte_Predator2.jpg,CC BY-SA 3.0
drone_0081.jpg,WM_MQ1_Predator_241.jpg,https://commons.wikimedia.org/wiki/File:California_National_Guard_(37175026244).jpg,Public domain
drone_0082.jpg,WM_MQ1_Predator_243.jpg,https://commons.wikimedia.org/wiki/File:Defense.gov_News_Photo_040915-F-3983J-026.jpg,Public domain
drone_0083.jpg,WM_MQ1_Predator_244.jpg,https://commons.wikimedia.org/wiki/File:Defense.gov_News_Photo_080903-F-3646G-203.jpg,Public domain
drone_0084.jpg,WM_MQ1_Predator_245.jpg,https://commons.wikimedia.org/wiki/File:Defense.gov_News_Photo_081015-F-0987S-003.jpg,Public domain
drone_0085.jpg,WM_MQ1_Predator_247.jpg,https://commons.wikimedia.org/wiki/File:Defense.gov_News_Photo_951205-N-3149J-002.jpg,Public domain
drone_0086.jpg,WM_MQ1_Predator_248.jpg,https://commons.wikimedia.org/wiki/File:Defense.gov_News_Photo_951205-N-3149J-003.jpg,Public domain
drone_0087.jpg,WM_MQ4C_Triton_025.jpg,https://commons.wikimedia.org/wiki/File:2023_Royal_International_Air_Tattoo_RQ4_(53079859683).jpg,CC BY-SA 2.0
drone_0088.jpg,WM_MQ4C_Triton_026.jpg,https://commons.wikimedia.org/wiki/File:Flickr_-_Official_U.S._Navy_Imagery_-_Northrop_Grumman_unveils_the_U.S._Navy_MQ-4C_Broad_Area_Maritime_Surveillance_unmanned_aircraft_system_during_a_ceremony_at_the_Northrop_Grumman_Palmdale_Calif._manufacturing_facility..jpg,Public domain
drone_0089.jpg,WM_MQ4C_Triton_027.jpg,https://commons.wikimedia.org/wiki/File:Full_scale_mock-up_of_the_Northrop_Grumman_MQ-4C_Triton_on_display_at_the_2013_Australian_International_Airshow_(1).jpg,CC BY-SA 3.0 au
drone_0090.jpg,WM_MQ4C_Triton_028.jpg,https://commons.wikimedia.org/wiki/File:Full_scale_mock-up_of_the_Northrop_Grumman_MQ-4C_Triton_on_display_at_the_2013_Australian_International_Airshow.jpg,CC BY-SA 3.0 au
drone_0091.jpg,WM_MQ4C_Triton_029.jpg,https://commons.wikimedia.org/wiki/File:Full_scale_mock-up_of_the_Northrop_Grumman_MQ-4C_Triton_on_display_at_the_2013_Australian_International_Airshow_(2).jpg,CC BY-SA 3.0 au
drone_0092.jpg,WM_MQ4C_Triton_030.jpg,https://commons.wikimedia.org/wiki/File:MQ-4C_Triton_Hangar_Ribbon_Cutting_Ceremony_(8266257).jpg,Public domain
drone_0093.jpg,WM_MQ4C_Triton_031.jpg,https://commons.wikimedia.org/wiki/File:MQ-4C_Tritons_on_ramp_Palmdale_May_2013.jpg,Public domain
drone_0094.jpg,WM_MQ4C_Triton_032.jpg,https://commons.wikimedia.org/wiki/File:MQ-4Cs_on_ramp_from_above.jpg,Public domain
drone_0095.jpg,WM_MQ9_Reaper_001.jpg,https://commons.wikimedia.org/wiki/File:118th_AW_MQ-9_Hangar.jpg,Public domain
drone_0096.jpg,WM_MQ9_Reaper_002.jpg,https://commons.wikimedia.org/wiki/File:138th_Attack_Squadron_-_General_Atomics_MQ-9B_Reaper_09-4066.jpg,Public domain
drone_0097.jpg,WM_MQ9_Reaper_003.jpg,https://commons.wikimedia.org/wiki/File:138th_Attack_Squadron_-_General_Atomics_MQ-9B_Reaper_09-4072.jpg,Public domain
drone_0098.jpg,WM_MQ9_Reaper_004.jpg,https://commons.wikimedia.org/wiki/File:138th_Attack_Squadron_-_MQ-9A_Reaper.jpg,Public domain
drone_0099.jpg,WM_MQ9_Reaper_005.jpg,https://commons.wikimedia.org/wiki/File:147ATKW_MQ-9.jpg,Public domain
drone_0100.jpg,WM_MQ9_Reaper_006.jpg,https://commons.wikimedia.org/wiki/File:147th_Attack_Wing_Maintainers_Conduct_Post-Flight_Checks_on_MQ-9_Reaper_(8624862).jpg,Public domain
drone_0101.jpg,WM_MQ9_Reaper_007.jpg,https://commons.wikimedia.org/wiki/File:147th_Attack_Wing_Maintainers_Conduct_Post-Flight_Checks_on_MQ-9_Reaper_(8624863).jpg,Public domain
drone_0102.jpg,WM_MQ9_Reaper_008.jpg,https://commons.wikimedia.org/wiki/File:147th_Attack_Wing_Maintainers_Conduct_Post-Flight_Checks_on_MQ-9_Reaper_(8624864).jpg,Public domain
drone_0103.jpg,WM_MQ9_Reaper_201.jpg,https://commons.wikimedia.org/wiki/File:147th_Attack_Wing_Maintainers_Conduct_Post-Flight_Checks_on_MQ-9_Reaper_(8624865).jpg,Public domain
drone_0104.jpg,WM_MQ9_Reaper_202.jpg,https://commons.wikimedia.org/wiki/File:147th_Attack_Wing_Maintainers_Conduct_Post-Flight_Checks_on_MQ-9_Reaper_(8624866).jpg,Public domain
drone_0105.jpg,WM_MQ9_Reaper_203.jpg,https://commons.wikimedia.org/wiki/File:147th_Attack_Wing_Maintainers_Conduct_Post-Flight_Checks_on_MQ-9_Reaper_(8624867).jpg,Public domain
drone_0106.jpg,WM_MQ9_Reaper_204.jpg,https://commons.wikimedia.org/wiki/File:147th_Attack_Wing_Maintainers_Conduct_Post-Flight_Checks_on_MQ-9_Reaper_(8624869).jpg,Public domain
drone_0107.jpg,WM_MQ9_Reaper_205.jpg,https://commons.wikimedia.org/wiki/File:147th_Attack_Wing_Maintainers_Conduct_Post-Flight_Checks_on_MQ-9_Reaper_(8624870).jpg,Public domain
drone_0108.jpg,WM_MQ9_Reaper_206.jpg,https://commons.wikimedia.org/wiki/File:147th_Attack_Wing_Maintainers_Conduct_Post-Flight_Checks_on_MQ-9_Reaper_(8624872).jpg,Public domain
drone_0109.jpg,WM_MQ9_Reaper_207.jpg,https://commons.wikimedia.org/wiki/File:147th_Attack_Wing_Maintainers_Conduct_Post-Flight_Checks_on_MQ-9_Reaper_(8624873).jpg,Public domain
drone_0110.jpg,WM_MQ9_Reaper_208.jpg,https://commons.wikimedia.org/wiki/File:147th_Attack_Wing_Maintainers_Conduct_Post-Flight_Checks_on_MQ-9_Reaper_(8624956).jpg,Public domain
drone_0111.jpg,WM_MQ9_Reaper_209.jpg,https://commons.wikimedia.org/wiki/File:147th_Attack_Wing_Makes_History_in_NATO%E2%80%99s_Formidable_Shield_2025_Exercise_(9089900).jpg,Public domain
drone_0112.jpg,WM_MQ9_Reaper_210.jpg,https://commons.wikimedia.org/wiki/File:163d_Attack_Wing_Converts_Reapers_into_Hunter-Killers_of_Wildfire.jpg,Public domain
drone_0113.jpg,WM_MQ9_Reaper_211.jpg,https://commons.wikimedia.org/wiki/File:174_ATKW.jpg,Public domain
drone_0114.jpg,WM_MQ9_Reaper_212.jpg,https://commons.wikimedia.org/wiki/File:174th_ATKW_MQ-9_Reaper.jpg,Public domain
drone_0115.jpg,WM_MQ9_Reaper_214.jpg,https://commons.wikimedia.org/wiki/File:210203-F-DB163-1065.jpg,Public domain
drone_0116.jpg,WM_MQ9_Reaper_215.jpg,https://commons.wikimedia.org/wiki/File:210204-F-DB163-1048.jpg,Public domain
drone_0117.jpg,WM_MQ9_Reaper_216.jpg,https://commons.wikimedia.org/wiki/File:210204-F-DB163-1132.jpg,Public domain
drone_0118.jpg,WM_MQ9_Reaper_217.jpg,https://commons.wikimedia.org/wiki/File:210204-F-DB163-3062.jpg,Public domain
drone_0119.jpg,WM_MQ9_Reaper_219.jpg,"https://commons.wikimedia.org/wiki/File:230430-F-UB655-0697_-_AFSOC,_Total_Force_landed_MC-130J,_MQ-9,_A-10s,_MH-6s_on_Wyoming_Highways.jpg",Public domain
drone_0120.jpg,WM_MQ9_Reaper_220.jpg,https://commons.wikimedia.org/wiki/File:231013-F-VQ804-9137.jpg,Public domain
drone_0121.jpg,WM_MQ9_Reaper_221.jpg,https://commons.wikimedia.org/wiki/File:306_Squadron_NATO_Unified_Vision.jpg,CC0
drone_0122.jpg,WM_MQ9_Reaper_223.jpg,https://commons.wikimedia.org/wiki/File:306sqn_Reaper_Hancock_ANGB-3.jpg,CC0
drone_0123.jpg,WM_RQ4_GlobalHawk_017.jpg,"https://commons.wikimedia.org/wiki/File:010513-N-FF838-007_--_EXERCISE_TANDEM_THRUST_2001,_ADELAIDE,_Australia_--_The_Global_Hawk_is_prepared_after_preflight_checks_for_its_twenty_four_hour_mission_out_of_Edinburgh_Air_Force_Base_in_Adelaide,_South_010513-N-FF838-007.jpg",Public domain
drone_0124.jpg,WM_RQ4_GlobalHawk_018.jpg,https://commons.wikimedia.org/wiki/File:101123-F-4684K-688_(5218339605).jpg,Public domain
drone_0125.jpg,WM_RQ4_GlobalHawk_019.jpg,https://commons.wikimedia.org/wiki/File:13th_Reconnaissance_Squadron_RQ-9_Global_Hawk.jpg,Public domain
drone_0126.jpg,WM_RQ4_GlobalHawk_020.jpg,https://commons.wikimedia.org/wiki/File:348th_Reconnaissance_Squadron_RQ-4.jpg,Public domain
drone_0127.jpg,WM_RQ4_GlobalHawk_021.jpg,https://commons.wikimedia.org/wiki/File:380thairexpeditionarygroup-RQ-4.jpg,Public domain
drone_0128.jpg,WM_RQ4_GlobalHawk_022.jpg,"https://commons.wikimedia.org/wiki/File:Air_Force_Operational_Test_and_Evaluation_Center,_Detachment_5_with_RQ-4_Global_Hawk.jpg",Public domain
drone_0129.jpg,WM_RQ4_GlobalHawk_023.jpg,https://commons.wikimedia.org/wiki/File:An_RQ-4_Global_Hawk_awaits_standard_maintenance_while_a_heavy_fog_rolls_across_(32044647560).jpg,Public domain
drone_0130.jpg,WM_RQ4_GlobalHawk_024.jpg,https://commons.wikimedia.org/wiki/File:Backlit_RQ-4_in_the_dark.jpg,Public domain
